{
    "BGM": -28.778888702392579,
    "SFX": -43.851348876953128
}