{
    "BGM": -62.698486328125,
    "SFX": -26.346729278564454
}