{
    "BGM": -5.144529342651367,
    "SFX": -43.7833251953125
}