{
    "BGM": -35.92964553833008,
    "SFX": -11.055278778076172
}